Workbook

Sheet Readme & Summary
B2: CROWDGUARD AI - CROWD MANAGEMENT SYSTEM
B3: Master Quality Assurance & Testing Workbook
B5: This workbook contains the master testing plan and test suite for the Crowd Management System. The project consists of a React + Vite frontend (dashboard, streams, historical logs, camera crud, admin panels) and a Django REST Framework backend integrating CSRNet crowd detection, alerts engine, email updates, and PDF/CSV reporting. Use the tabs below to view detailed test specifications.
B7: Test Execution Dashboard
B9: Module / Tab | C9: Total Cases | D9: Not Run | E9: Pass | F9: Fail | G9: Blocked | H9: % Complete
B10: Functional Test Cases | C10: =COUNTA('Functional Test Cases'!A4:A37) -> 34 | D10: =COUNTIF('Functional Test Cases'!H4:H37,"Not Run") -> 34 | E10: =COUNTIF('Functional Test Cases'!H4:H37,"Pass") -> 0 | F10: =COUNTIF('Functional Test Cases'!H4:H37,"Fail") -> 0 | G10: =COUNTIF('Functional Test Cases'!H4:H37,"Blocked") -> 0 | H10: =IF(C10>0,(E10+F10+G10)/C10,0) -> 0
B11: API Integration | C11: =COUNTA('API Integration'!A4:A25) -> 22 | D11: =COUNTIF('API Integration'!H4:H25,"Not Run") -> 22 | E11: =COUNTIF('API Integration'!H4:H25,"Pass") -> 0 | F11: =COUNTIF('API Integration'!H4:H25,"Fail") -> 0 | G11: =COUNTIF('API Integration'!H4:H25,"Blocked") -> 0 | H11: =IF(C11>0,(E11+F11+G11)/C11,0) -> 0
B12: Performance & Security | C12: =COUNTA('Performance & Security'!A4:A14) -> 11 | D12: =COUNTIF('Performance & Security'!E4:E14,"Not Run") -> 11 | E12: =COUNTIF('Performance & Security'!E4:E14,"Pass") -> 0 | F12: =COUNTIF('Performance & Security'!E4:E14,"Fail") -> 0 | G12: =COUNTIF('Performance & Security'!E4:E14,"Blocked") -> 0 | H12: =IF(C12>0,(E12+F12+G12)/C12,0) -> 0
B13: Total Summary | C13: =SUM(C10:C12) -> 67 | D13: =SUM(D10:D12) -> 67 | E13: =SUM(E10:E12) -> 0 | F13: =SUM(F10:F12) -> 0 | G13: =SUM(G10:G12) -> 0 | H13: =IF(C13>0,(E13+F13+G13)/C13,0) -> 0
B16: Legend
B18: Pass | C18: Test executed and criteria met successfully.
B19: Fail | C19: Test executed and failed to meet expected results.
B20: Blocked | C20: Test cannot be run due to external dependency/defect.
B21: Not Run | C21: Test has not been executed yet.

Sheet Functional Test Cases
A3: Test Case ID | B3: Module / Component | C3: Test Description | D3: Pre-conditions | E3: Steps to Execute | F3: Expected Result | G3: Actual Result | H3: Status | I3: Priority | J3: Severity
A4: TC-AUTH-01 | B4: Accounts & Auth | C4: User Registration - Security Officer role validation | D4: Admin or public sign-up is open. DB clean. | E4: 1. Send POST request to /api/auth/register/ with username, email, password, and role='security_officer'. 2. Verify response status is 201 Created. 3. Check database user object. 4. Check console/logs for email notification dispatch. | F4: User is created successfully with role 'security_officer'. Email notification containing user details is sent. Response status is 201. | H4: Not Run | I4: High | J4: Major
A5: TC-AUTH-02 | B5: Accounts & Auth | C5: User Registration - Duplicate username/email prevention | D5: A user with username 'officer1' and email 'officer1@crowdguard.com' exists in DB. | E5: 1. Send POST request to /api/auth/register/ with same username and email. 2. Verify response status and error body. | F5: Response status is 400 Bad Request. Fields validation errors are returned detailing that username/email already exists. | H5: Not Run | I5: High | J5: Major
A6: TC-AUTH-03 | B6: Accounts & Auth | C6: User Login - Valid Credentials | D6: User 'officer1' is registered with password 'SecurePass123!'. | E6: 1. Send POST request to /api/auth/login/ with username='officer1' and password='SecurePass123!'. 2. Inspect response status and token payload. | F6: Response status is 200 OK. JWT access and refresh tokens are returned. Response contains serialized user details. | H6: Not Run | I6: High | J6: Critical
A7: TC-AUTH-04 | B7: Accounts & Auth | C7: User Login - Invalid Credentials | D7: User 'officer1' exists. | E7: 1. Send POST request to /api/auth/login/ with username='officer1' and password='WrongPassword'. 2. Inspect status and error details. | F7: Response status is 401 Unauthorized. Error message indicates no active account found with given credentials. | H7: Not Run | I7: High | J7: Critical
A8: TC-AUTH-05 | B8: Accounts & Auth | C8: Fetch Current User Profile Info (Auth Me) | D8: User is logged in and possesses valid JWT access token. | E8: 1. Send GET request to /api/auth/me/ with Bearer access token in headers. 2. Verify response body details. | F8: Response status is 200 OK. Returns logged-in user username, email, role, date_joined, etc. | H8: Not Run | I8: Medium | J8: Minor
A9: TC-AUTH-06 | B9: Accounts & Auth | C9: Token Refresh Endpoint Validation | D9: User is logged in and possesses a valid JWT refresh token. | E9: 1. Send POST request to /api/auth/login/refresh/ with refresh token. 2. Verify response status and body. | F9: Response status is 200 OK. A new JWT access token is returned. | H9: Not Run | I9: High | J9: Major
A10: TC-AUTH-07 | B10: Accounts & Auth | C10: User List Access Control - Security Officer Role | D10: Log in as a user with 'security_officer' role. | E10: 1. Send GET request to /api/auth/users/. 2. Verify the list of users returned. | F10: Response status is 200 OK. Queryset is filtered to return ONLY the requesting user's own profile info. | H10: Not Run | I10: Medium | J10: Major
A11: TC-AUTH-08 | B11: Accounts & Auth | C11: User List Access Control - Admin Role | D11: Log in as a user with 'admin' role. | E11: 1. Send GET request to /api/auth/users/. 2. Verify the list of users returned. | F11: Response status is 200 OK. Returns the complete list of all registered users in the database. | H11: Not Run | I11: Medium | J11: Major
A12: TC-CAM-01 | B12: Camera Management | C12: Create Camera - Valid Video File Upload | D12: User is authenticated. Clean state. | E12: 1. Send POST request to /api/camera/ with name='Gate Entrance A', location='Concourse Gate A', and upload a sample MP4 video file. 2. Inspect database and media file paths. | F12: Response status is 201 Created. Camera object is saved. Video file is stored in media folder under camera_videos/. | H12: Not Run | I12: High | J12: Major
A13: TC-CAM-02 | B13: Camera Management | C13: Create Camera - Valid RTSP Stream URL | D13: User is authenticated. | E13: 1. Send POST request to /api/camera/ with name='Corridor B Cam', location='Zone B Corridor', stream_url='rtsp://admin:pass@192.168.1.100/stream'. 2. Verify response. | F13: Response status is 201 Created. Camera object is saved with stream_url parameter. Video file field is blank. | H13: Not Run | I13: High | J13: Major
A14: TC-CAM-03 | B14: Camera Management | C14: Create Camera - Invalid Parameters (Validation) | D14: User is authenticated. | E14: 1. Send POST request to /api/camera/ with name='' (blank) or location='' (blank). 2. Inspect response error details. | F14: Response status is 400 Bad Request. Fields show validation errors: 'This field may not be blank.' | H14: Not Run | I14: Medium | J14: Minor
A15: TC-CAM-04 | B15: Camera Management | C15: List All Cameras | D15: Multiple camera records exist in DB. User is authenticated. | E15: 1. Send GET request to /api/camera/. 2. Verify count and items in list. | F15: Response status is 200 OK. Returns a list of all registered camera objects in JSON format. | H15: Not Run | I15: High | J15: Major
... A41: TC-REP-04 | B41: Reports Module | C41: Fetch Historical Reports List | D41: Reports exist in database. | E41: 1. Send GET request to /api/reports/. 2. Verify the records returned. | F41: Response status is 200 OK. Returns a list of generated reports containing report_type, generated_on date, and the report file URL. | H41: Not Run | I41: Medium | J41: Minor

Sheet API Integration
A3: API Endpoint | B3: HTTP Method | C3: Request Body (JSON) / Params | D3: Required Headers | E3: Expected Status | F3: Key Response Fields | G3: Auth / Permission Level | H3: Status
A4: /api/auth/register/ | B4: POST | C4: {"username": "officer2", "email": "officer2@crowd.com", "password": "Pass1234!", "role": "security_officer"} | D4: None | E4: 201 Created | F4: {"message": "...", "user": {...}, "email_sent": true/false} | G4: Public (AllowAny) | H4: Not Run
A5: /api/auth/login/ | B5: POST | C5: {"username": "officer2", "password": "Pass1234!"} | D5: None | E5: 200 OK | F5: {"access": "...", "refresh": "...", "user": {...}} | G5: Public (AllowAny) | H5: Not Run
A6: /api/auth/login/refresh/ | B6: POST | C6: {"refresh": "<refresh_token>"} | D6: None | E6: 200 OK | F6: {"access": "..."} | G6: Public (AllowAny) | H6: Not Run
A7: /api/auth/me/ | B7: GET | C7: None | D7: Authorization: Bearer <access_token> | E7: 200 OK | F7: {"id": 2, "username": "officer2", "role": "security_officer", ...} | G7: IsAuthenticated | H7: Not Run
A8: /api/auth/users/ | B8: GET | C8: None | D8: Authorization: Bearer <access_token> | E8: 200 OK | F8: List of User objects (Filtered by role: admin gets all, officer gets only self) | G8: IsAuthenticated | H8: Not Run
A9: /api/camera/ | B9: GET | C9: None | D9: Authorization: Bearer <access_token> | E9: 200 OK | F9: List of Camera objects | G9: IsAuthenticated | H9: Not Run
A10: /api/camera/ | B10: POST | C10: {"name": "East Gate", "location": "Gate E", "stream_url": null, "video_file": null} | D10: Authorization: Bearer <access_token> | E10: 201 Created | F10: Serialized Camera object with generated ID | G10: IsAuthenticated | H10: Not Run
A11: /api/camera/<id>/ | B11: GET | C11: None | D11: Authorization: Bearer <access_token> | E11: 200 OK | F11: Camera details | G11: IsAuthenticated | H11: Not Run
A12: /api/camera/<id>/ | B12: PUT | C12: {"name": "East Gate Redux", "location": "Gate E Concourse"} | D12: Authorization: Bearer <access_token> | E12: 200 OK | F12: Updated Camera object details | G12: IsAuthenticated | H12: Not Run
A13: /api/camera/<id>/ | B13: DELETE | C13: None | D13: Authorization: Bearer <access_token> | E13: 204 No Content | F13: Empty response | G13: IsAuthenticated | H13: Not Run
A14: /api/camera/<id>/toggle-status/ | B14: POST | C14: None | D14: Authorization: Bearer <access_token> | E14: 200 OK | F14: Updated Camera object (status online/offline inverted) | G14: IsAuthenticated | H14: Not Run
... A25: /api/reports/generate/ | B25: POST | C25: {"report_type": "daily", "format": "pdf"} | D25: Authorization: Bearer <access_token> | E25: 200 OK | F25: Binary PDF or CSV data download download stream attachment | G25: IsAuthenticated | H25: Not Run

Sheet Performance & Security
A3: Category | B3: Scenario Name | C3: Execution Details / Steps | D3: Acceptance Criteria | E3: Status | F3: Priority
A4: Security | B4: Role-based Access Control (RBAC) | C4: Attempt to access /api/auth/users/ using a token belonging to a Security Officer role. | D4: Ensure that Security Officers cannot view other users' credentials or profiles. Only admin role should fetch full list. | E4: Not Run | F4: High
A5: Security | B5: SQL Injection vulnerability check | C5: Send POST to /api/camera/ with location input: 'Gate AConcourse'); DROP TABLE camera_camera; --'. | D5: Input is processed safely using Django ORM parameterized queries. The text is saved literally and no database command execution occurs. | E5: Not Run | F5: High
A6: Security | B6: Cross-Site Scripting (XSS) input filtering | C6: Add a camera with name: '<script>alert("XSS")</script>' and view it in Camera List in React frontend. | D6: React automatically escapes HTML entities during rendering. Script tag does not execute. Script tag is printed as plaintext. | E6: Not Run | F6: High
A7: Security | B7: Token sniffing / HTTP headers inspection | C7: Inspect backend responses for authorization headers leak or JWT payload in plain HTTP traffic. | D7: Ensure production configurations mandate HTTPS. JWT token payload should contain non-sensitive identifiers only (id, username, email, role). | E7: Not Run | F7: Medium
A8: Performance | B8: CSRNet Model Inference Speed Test | C8: Let the streaming engine run on a server and capture average frame processing time (process_frame) under varying occupancies. | D8: Inference time per frame should remain under 120ms (equivalent to ~8fps visual refresh rate) to ensure stream remains useful and real-time. | E8: Not Run | F8: High
A9: Performance | B9: CPU/RAM Leak Test in Stream Generator | C9: Open 4 concurrent live camera stream tabs in frontend browser and let it stream for 10 minutes. Monitor server process memory usage. | D9: RAM usage should stabilize without continuously rising. Ensure generator releases OpenCV video capture bindings and thread objects on close. | E9: Not Run | F9: High
A10: Performance | B10: Database writing frequency load | C10: Run 10 camera feeds simultaneously, checking if the 4-second database save interval slows down Django's HTTP request handlers. | D10: Database write locks do not build up. SQLite handle accommodates write speed, or system is migrated to PostgreSQL for concurrent writes. | E10: Not Run | F10: Medium
A11: Boundary / Robustness | B11: Broken Camera URL / RTSP Connection recovery | C11: Create camera with stream_url = 'rtsp://invalid_ip/stream' and start the stream viewer. | D11: The OpenCV VideoCapture fails to open. System catches error, output logs show 'Failed to open video source', feed falls back gracefully to synthetic generation. | E11: Not Run | F11: High
A12: Boundary / Robustness | B12: File Upload - Invalid extension/oversized video | C12: Create a camera and upload a 500MB executable (.exe) or non-video file instead of a video. | D12: The backend handles file parsing or raises error status 400. File fields block non-supported media extensions (allow only standard video wrappers). | E12: Not Run | F12: Medium
A13: Boundary / Robustness | B13: Database Empty States | C13: Truncate Detection, Alert, and Report tables in database, then fetch summary, trends, and reports generation APIs. | D13: Dashboard APIs do not crash with ZeroDivisionError or EmptyQueryset error. They fallback to beautiful, clean mock/realistic statistics. | E13: Not Run | F13: Medium
A14: Boundary / Robustness | B14: Network Latency & Front-end Recovery | C14: Simulate network drops in browser developer console. Re-enable network connection after 30 seconds. | D14: React frontend does not crash. Live stream re-establishes connection automatically, and error banners vanish when endpoints are reachable. | E14: Not Run | F14: Medium
